id,center/lat,center/lon,tags/landuse,tags/name,locations
176304645,42.0357851,21.439541,Vineyard,Vineyard Surface,"Boca Ivanova, Butel 2, Butel, Skopje, Municipality of Butel, City of Skopje, Skopje Region, 1010, North Macedonia"
176306019,42.0321931,21.4551121,Vineyard,Vineyard Surface,"Butel 2, Butel, Skopje, Municipality of Butel, City of Skopje, Skopje Region, 1010, North Macedonia"
177476819,41.9340963,21.4643274,Vineyard,Vineyard Surface,"Ljubosh, Batinci, Municipality of Studenichani, Skopje Region, 1050, North Macedonia"
180504312,41.5499967,22.017733,Vineyard,Vineyard Surface,"Kurija, Municipality of Negotino, Vardar Region, North Macedonia"
180716824,41.4126634,22.2333076,Vineyard,Vineyard Surface,"Demir Kapija, Municipality of Demir Kapija, Vardar Region, 1442, North Macedonia"
180722344,41.4101216,22.2247861,Vineyard,Vineyard Surface,"Попова Кула, A113, Demir Kapija, Municipality of Demir Kapija, Vardar Region, 1442, North Macedonia"
180725208,41.3311403,22.136366,Vineyard,Vineyard Surface,"R29171, Barovo, Municipality of Demir Kapija, Vardar Region, North Macedonia"
180725209,41.3230241,22.1214009,Vineyard,Vineyard Surface,"Stragovo, Municipality of Kavadarci, Vardar Region, North Macedonia"
180725210,41.3183296,22.1301502,Vineyard,Vineyard Surface,"Krnjevo, Municipality of Kavadarci, Vardar Region, North Macedonia"
180725211,41.3123789,22.1258329,Vineyard,Vineyard Surface,"Grkov Winery, R29171, Krnjevo, Municipality of Kavadarci, Vardar Region, North Macedonia"
180725214,41.3207237,22.1327745,Vineyard,Vineyard Surface,"R29171, Krnjevo, Municipality of Kavadarci, Vardar Region, North Macedonia"
184757068,41.4888497,22.0336118,Vineyard,Vineyard Surface,"Sopot, Municipality of Kavadarci, Vardar Region, North Macedonia"
184757069,41.4858321,22.0312622,Vineyard,Vineyard Surface,"Sopot, Municipality of Kavadarci, Vardar Region, 1430, North Macedonia"
184757071,41.4824835,22.0363959,Vineyard,Vineyard Surface,"Sopot, Municipality of Kavadarci, Vardar Region, North Macedonia"
184757078,41.4729914,22.0365193,Vineyard,Vineyard Surface,"R1103, Marena, Municipality of Kavadarci, Vardar Region, 1440, North Macedonia"
184757084,41.472075,22.0306452,Vineyard,Vineyard Surface,"Marena, Municipality of Kavadarci, Vardar Region, 1430, North Macedonia"
184757085,41.4850524,22.0361041,Vineyard,Vineyard Surface,"Sopot, Municipality of Kavadarci, Vardar Region, North Macedonia"
184758521,41.8015937,21.8972752,Vineyard,Vineyard Surface,"Milino, Municipality of Lozovo, Vardar Region, North Macedonia"
184915392,41.7711654,22.1276759,Vineyard,Vineyard Surface,"Tri Cheshmi, Municipality of Shtip, Eastern Region, North Macedonia"
185741927,41.7766924,21.8800932,Vineyard,Vineyard Surface,"A3, Dorfulija, Municipality of Lozovo, Vardar Region, North Macedonia"
185741928,41.7817927,21.8945235,Vineyard,Vineyard Surface,"A3, Lozovo, Municipality of Lozovo, Vardar Region, North Macedonia"
185741929,41.7769165,21.8838805,Vineyard,Vineyard Surface,"A3, Dorfulija, Municipality of Lozovo, Vardar Region, North Macedonia"
185741931,41.7767925,21.8818152,Vineyard,Vineyard Surface,"A3, Dorfulija, Municipality of Lozovo, Vardar Region, North Macedonia"
185743145,41.7960279,21.957086,Vineyard,Vineyard Surface,"A3, Adzhimatovo, Municipality of Lozovo, Vardar Region, North Macedonia"
185743147,41.8021665,21.9504422,Vineyard,Vineyard Surface,"Adzhimatovo, Municipality of Lozovo, Vardar Region, North Macedonia"
185743149,41.8057415,21.9537252,Vineyard,Vineyard Surface,"Gorno Crnilishte, Municipality of Sveti Nikole, Vardar Region, North Macedonia"
191428412,41.7671574,22.2207908,Vineyard,Vineyard Surface,"Star Karaorman, Municipality of Shtip, Eastern Region, North Macedonia"
195604194,41.2639596,22.4761766,Vineyard,Vineyard Surface,"R1102, Smokvica, Municipality of Gevgelija, Southeastern Region, North Macedonia"
209778775,41.2508954,22.6529611,Vineyard,Vineyard Surface,"R1105, Crnichani, Municipality of Dojran, Southeastern Region, North Macedonia"
209778783,41.2326383,22.6717687,Vineyard,Vineyard Surface,"Crnichani, Municipality of Dojran, Southeastern Region, North Macedonia"
209778784,41.250447,22.6434101,Vineyard,Vineyard Surface,"R1105, Furka, Municipality of Dojran, Southeastern Region, North Macedonia"
209778785,41.235963,22.7000651,Vineyard,Vineyard Surface,"Nov Dojran, Municipality of Dojran, Southeastern Region, North Macedonia"
209783593,41.1570378,22.7302505,Winery,Владајско Поле,"Sretenovo, Municipality of Dojran, Southeastern Region, North Macedonia"
209997627,41.2545893,22.6315462,Vineyard,Vineyard Surface,"R1105, Furka, Municipality of Dojran, Southeastern Region, 2460, North Macedonia"
210004311,41.3110694,22.5852777,Vineyard,Vineyard Surface,"R1105, Rabrovo, Municipality of Valandovo, Southeastern Region, 2460, North Macedonia"
210004316,41.3108959,22.5915804,Vineyard,Vineyard Surface,"Tatarli, Rabrovo, Municipality of Valandovo, Southeastern Region, 2460, North Macedonia"
210218254,41.1876529,22.6273077,Vineyard,Vineyard Surface,"Bogdanci, Municipality of Bogdanci, Southeastern Region, 1484, North Macedonia"
219685230,40.9090807,20.7594113,Vineyard,Vineyard Surface,"R1301, Lubanishta, Municipality of Ohrid, Southwestern Region, North Macedonia"
219685549,40.9128112,20.7575069,Vineyard,Vineyard Surface,"R1301, Lubanishta, Municipality of Ohrid, Southwestern Region, North Macedonia"
227392397,41.1354819,22.5379583,Vineyard,Vineyard Surface,"Bogorodica, Municipality of Gevgelija, Southeastern Region, North Macedonia"
227533578,41.1405505,22.479262,Vineyard,Vineyard Surface,"Стрелиште, Апостол Петков, Gevgelija, Municipality of Gevgelija, Southeastern Region, 1480, North Macedonia"
227533580,41.1408119,22.4793556,Vineyard,Vineyard Surface,"Стрелиште, Апостол Петков, Gevgelija, Municipality of Gevgelija, Southeastern Region, 1480, North Macedonia"
227534349,41.1409129,22.4802618,Vineyard,Vineyard Surface,"Стрелиште, Апостол Петков, Gevgelija, Municipality of Gevgelija, Southeastern Region, 1480, North Macedonia"
231461197,41.934747,21.3981961,Vineyard,Vineyard Surface,"Dobri Dol, Municipality of Sopishte, Skopje Region, 1054, North Macedonia"
231461209,41.9326028,21.4111458,Vineyard,Vineyard Surface,"Улица 1, Dobri Dol, Municipality of Sopishte, Skopje Region, 1054, North Macedonia"
234267744,41.679515,21.818144,Vineyard,Vineyard Surface,"R1102, Babuna, Veles, Municipality of Veles, Vardar Region, 1400, North Macedonia"
234395635,41.9493061,21.4681737,Vineyard,Vineyard Surface,"Usje, Municipality of Kisela Voda, City of Skopje, Skopje Region, North Macedonia"
234395663,41.9513226,21.4663813,Vineyard,Vineyard Surface,"Usje, Municipality of Kisela Voda, City of Skopje, Skopje Region, 1054, North Macedonia"
237682132,41.8452645,22.4173932,Vineyard,Vineyard Surface,"Morodvis, Municipality of Zrnovci, Eastern Region, North Macedonia"
238202636,41.9087465,22.4680747,Vineyard,Vineyard Surface,"A3, Istibanja, Municipality of Vinica, Eastern Region, 2310, North Macedonia"
238202646,41.9089881,22.4763332,Vineyard,Vineyard Surface,"R1304, Istibanja, Municipality of Vinica, Eastern Region, 2310, North Macedonia"
238202654,41.9088343,22.4751611,Vineyard,Vineyard Surface,"R1304, Istibanja, Municipality of Vinica, Eastern Region, 2310, North Macedonia"
238202669,41.9073471,22.4767596,Vineyard,Vineyard Surface,"R1304, Istibanja, Municipality of Vinica, Eastern Region, 2310, North Macedonia"
238776529,40.9166238,20.7566111,Vineyard,Vineyard Surface,"R1301, Lubanishta, Municipality of Ohrid, Southwestern Region, North Macedonia"
238776643,40.9238375,20.7568304,Vineyard,Vineyard Surface,"Lubanishta, Municipality of Ohrid, Southwestern Region, North Macedonia"
238825749,40.9153592,20.7608391,Vineyard,Vineyard Surface,"R1301, Lubanishta, Municipality of Ohrid, Southwestern Region, North Macedonia"
297249079,41.0696879,20.806912,Vineyard,Vineyard Surface,"Sveti Stefan, Shipokno, Konjsko, Municipality of Ohrid, Southwestern Region, 6000, North Macedonia"
297249081,41.070064,20.8076469,Vineyard,Vineyard Surface,"Sveti Stefan, Shipokno, Konjsko, Municipality of Ohrid, Southwestern Region, 6000, North Macedonia"
331650898,41.3717587,21.9734988,Vineyard,Vineyard Surface,"Begnishte, Municipality of Kavadarci, Vardar Region, North Macedonia"
365739827,42.0300685,21.3827664,Vineyard,Vineyard Surface,"Street 6(F), Чешмички Рид, Bardovci, Municipality of Karposh, City of Skopje, Skopje Region, 9100, North Macedonia"
370311641,41.5208705,22.0287508,Vineyard,Vineyard Surface,"Kurija, Municipality of Negotino, Vardar Region, 1440, North Macedonia"
370311642,41.5186315,22.0457455,Vineyard,Vineyard Surface,"Crveni Bregovi, Municipality of Negotino, Vardar Region, 1440, North Macedonia"
370311643,41.5065738,22.0463272,Vineyard,Vineyard Surface,"Sopot, Municipality of Kavadarci, Vardar Region, 1440, North Macedonia"
370311644,41.5104845,22.0605268,Vineyard,Vineyard Surface,"Negotino, Municipality of Negotino, Vardar Region, 1440, North Macedonia"
370311645,41.5200335,22.0454274,Vineyard,Vineyard Surface,"Crveni Bregovi, Municipality of Negotino, Vardar Region, 1440, North Macedonia"
370311646,41.5194074,22.0443254,Vineyard,Vineyard Surface,"Crveni Bregovi, Municipality of Negotino, Vardar Region, 1440, North Macedonia"
370311647,41.5180742,22.0418532,Vineyard,Vineyard Surface,"Crveni Bregovi, Municipality of Negotino, Vardar Region, 1440, North Macedonia"
370311648,41.5214833,22.0375581,Vineyard,Vineyard Surface,"Crveni Bregovi, Municipality of Negotino, Vardar Region, 1440, North Macedonia"
370311649,41.5190745,22.031386,Vineyard,Vineyard Surface,"Kurija, Municipality of Negotino, Vardar Region, 1440, North Macedonia"
375220512,41.6321773,22.3862763,Vineyard,Vineyard Surface,"A4, Prnalija, Topolnica, Municipality of Radovish, Southeastern Region, North Macedonia"
379901317,42.0072611,21.489788,Vineyard,Vineyard Surface,"Товарник 1, Chento, Gazi Baba, Skopje, Municipality of Gazi Baba, City of Skopje, Skopje Region, 1001, North Macedonia"
405707553,41.1299821,22.5250077,Vineyard,Vineyard Surface,"Gevgelija, Municipality of Gevgelija, Southeastern Region, 1480, North Macedonia"
405707981,41.1283944,22.511262,Vineyard,Vineyard Surface,"Ειδομένη, Municipality of Paionia, Kilkis Regional Unit, Central Macedonia, Macedonia and Thrace, 610 05, Greece"
405708756,41.1270297,22.5039976,Vineyard,Vineyard Surface,"Ειδομένη, Municipality of Paionia, Kilkis Regional Unit, Central Macedonia, Macedonia and Thrace, 610 05, Greece"
405709490,41.130015,22.5104758,Vineyard,Vineyard Surface,"Vinojug Reception facility, Мечкин Камен, Gevgelija, Municipality of Gevgelija, Southeastern Region, 1480, North Macedonia"
405709614,41.1301855,22.5060989,Vineyard,Vineyard Surface,"Солунска, Gevgelija, Municipality of Gevgelija, Southeastern Region, 1480, North Macedonia"
405709615,41.131127,22.507452,Vineyard,Vineyard Surface,"Сараевска, Gevgelija, Municipality of Gevgelija, Southeastern Region, 1480, North Macedonia"
421883961,41.1216991,22.4655792,Vineyard,Vineyard Surface,"Moin, Municipality of Gevgelija, Southeastern Region, North Macedonia"
423910443,41.7870563,21.7352284,Vineyard,Vineyard Surface,"Friendship, Novachani, Municipality of Veles, Vardar Region, North Macedonia"
435999616,42.2131401,21.7279627,Vineyard,Vineyard Surface,"Starchani, Tabanovce, Municipality of Kumanovo, Northeastern Region, North Macedonia"
445156707,41.7280374,22.1931758,Vineyard,Vineyard Surface,"Личка, Кежовица, Ново Село, Shtip, Municipality of Shtip, Eastern Region, 2000, North Macedonia"
445507686,41.7271619,22.1921318,Vineyard,Vineyard Surface,"Димо Хаџидимов, Кежовица, Ново Село, Shtip, Municipality of Shtip, Eastern Region, 2000, North Macedonia"
446057580,41.7413104,22.1780822,Vineyard,Vineyard Surface,"Prebeg, Кежовица, Ново Село, Shtip, Municipality of Shtip, Eastern Region, 2000, North Macedonia"
446110606,41.7614938,22.1673752,Vineyard,Vineyard Surface,"Zheleznichka, Shtip, Municipality of Shtip, Eastern Region, 2000, North Macedonia"
452655182,41.9906241,21.0110192,Vineyard,Vineyard Surface,"TIDZ Tetovo, Sarakjino, Municipality of Tetovo, Polog Region, 1216, North Macedonia"
452667314,41.9881901,21.0286207,Vineyard,Vineyard Surface,"R1206, TIDZ Tetovo, Sarakjino, Municipality of Tetovo, Polog Region, 1216, North Macedonia"
452829906,41.9875859,21.030035,Vineyard,Vineyard Surface,"Sarakjino, Municipality of Tetovo, Polog Region, North Macedonia"
478117199,41.7290381,22.1970594,Vineyard,Vineyard Surface,"Ново Село, Shtip, Municipality of Shtip, Eastern Region, 2000, North Macedonia"
478117200,41.7282723,22.19702,Vineyard,Vineyard Surface,"Ново Село, Shtip, Municipality of Shtip, Eastern Region, 2000, North Macedonia"
478117201,41.7274145,22.1965701,Vineyard,Vineyard Surface,"Ново Село, Shtip, Municipality of Shtip, Eastern Region, 2000, North Macedonia"
478117202,41.7270381,22.196051,Vineyard,Vineyard Surface,"Ново Село, Shtip, Municipality of Shtip, Eastern Region, 2000, North Macedonia"
478117203,41.7267975,22.1956191,Vineyard,Vineyard Surface,"Ново Село, Shtip, Municipality of Shtip, Eastern Region, 2000, North Macedonia"
478117204,41.7286027,22.1887898,Vineyard,Vineyard Surface,"Димо Хаџидимов, Кежовица, Ново Село, Shtip, Municipality of Shtip, Eastern Region, 2000, North Macedonia"
478117206,41.7279537,22.1891868,Vineyard,Vineyard Surface,"Пато за Курт Бунар, Кежовица, Ново Село, Shtip, Municipality of Shtip, Eastern Region, 2000, North Macedonia"
478117207,41.7277237,22.1896042,Vineyard,Vineyard Surface,"Пато за Курт Бунар, Кежовица, Ново Село, Shtip, Municipality of Shtip, Eastern Region, 2000, North Macedonia"
478117208,41.7274617,22.1901149,Vineyard,Vineyard Surface,"Пато за Курт Бунар, Кежовица, Ново Село, Shtip, Municipality of Shtip, Eastern Region, 2000, North Macedonia"
478117209,41.7272784,22.1904728,Vineyard,Vineyard Surface,"Пато за Курт Бунар, Кежовица, Ново Село, Shtip, Municipality of Shtip, Eastern Region, 2000, North Macedonia"
478117210,41.7269935,22.1903157,Vineyard,Vineyard Surface,"Пато за Курт Бунар, Кежовица, Ново Село, Shtip, Municipality of Shtip, Eastern Region, 2000, North Macedonia"
478117213,41.7296703,22.194563,Vineyard,Vineyard Surface,"Личка, Кежовица, Ново Село, Shtip, Municipality of Shtip, Eastern Region, 2000, North Macedonia"
478117214,41.7290199,22.1946973,Vineyard,Vineyard Surface,"Личка, Кежовица, Ново Село, Shtip, Municipality of Shtip, Eastern Region, 2000, North Macedonia"
478117215,41.7251669,22.1942502,Vineyard,Vineyard Surface,"Ново Село, Shtip, Municipality of Shtip, Eastern Region, 2000, North Macedonia"
478117216,41.725377,22.1946527,Vineyard,Vineyard Surface,"Ново Село, Shtip, Municipality of Shtip, Eastern Region, 2000, North Macedonia"
478120708,41.7309206,22.1855282,Vineyard,Vineyard Surface,"Nikola Karev, Ново Село, Кежовица, Ново Село, Shtip, Municipality of Shtip, Eastern Region, 2000, North Macedonia"
478120709,41.729915,22.1860493,Winery,Љуботенско Лојзе,"Nikola Karev, Ново Село, Кежовица, Ново Село, Shtip, Municipality of Shtip, Eastern Region, 2000, North Macedonia"
478120710,41.7273309,22.1873001,Vineyard,Vineyard Surface,"Пато за Курт Бунар, Кежовица, Ново Село, Shtip, Municipality of Shtip, Eastern Region, 2000, North Macedonia"
478120711,41.7270389,22.1868168,Vineyard,Vineyard Surface,"Пато за Курт Бунар, Кежовица, Ново Село, Shtip, Municipality of Shtip, Eastern Region, 2000, North Macedonia"
478120712,41.7269553,22.1873896,Vineyard,Vineyard Surface,"Пато за Курт Бунар, Кежовица, Ново Село, Shtip, Municipality of Shtip, Eastern Region, 2000, North Macedonia"
478120713,41.7263408,22.1899305,Vineyard,Vineyard Surface,"Пато за Курт Бунар, Кежовица, Ново Село, Shtip, Municipality of Shtip, Eastern Region, 2000, North Macedonia"
478120714,41.7263735,22.1907688,Vineyard,Vineyard Surface,"Пато за Курт Бунар, Кежовица, Ново Село, Shtip, Municipality of Shtip, Eastern Region, 2000, North Macedonia"
478120715,41.726558,22.1905858,Vineyard,Vineyard Surface,"Пато за Курт Бунар, Кежовица, Ново Село, Shtip, Municipality of Shtip, Eastern Region, 2000, North Macedonia"
478120716,41.7260759,22.1903128,Vineyard,Vineyard Surface,"Пато за Курт Бунар, Кежовица, Ново Село, Shtip, Municipality of Shtip, Eastern Region, 2000, North Macedonia"
478120717,41.7259042,22.1906182,Vineyard,Vineyard Surface,"Пато за Курт Бунар, Кежовица, Ново Село, Shtip, Municipality of Shtip, Eastern Region, 2000, North Macedonia"
478120718,41.7257271,22.190876,Vineyard,Vineyard Surface,"Пато за Курт Бунар, Кежовица, Ново Село, Shtip, Municipality of Shtip, Eastern Region, 2000, North Macedonia"
478120719,41.7257796,22.1916442,Vineyard,Vineyard Surface,"Пато за Курт Бунар, Кежовица, Ново Село, Shtip, Municipality of Shtip, Eastern Region, 2000, North Macedonia"
478120721,41.7258406,22.1921016,Vineyard,Vineyard Surface,"Пато за Курт Бунар, Кежовица, Ново Село, Shtip, Municipality of Shtip, Eastern Region, 2000, North Macedonia"
478120722,41.7253353,22.1922156,Vineyard,Vineyard Surface,"Пато за Курт Бунар, Кежовица, Ново Село, Shtip, Municipality of Shtip, Eastern Region, 2000, North Macedonia"
478120723,41.7249099,22.1919418,Vineyard,Vineyard Surface,"Пато за Курт Бунар, Кежовица, Ново Село, Shtip, Municipality of Shtip, Eastern Region, 2000, North Macedonia"
478120724,41.7244925,22.1921069,Vineyard,Vineyard Surface,"Пато за Курт Бунар, Кежовица, Ново Село, Shtip, Municipality of Shtip, Eastern Region, 2000, North Macedonia"
478120725,41.7241281,22.1920177,Vineyard,Vineyard Surface,"Пато за Курт Бунар, Кежовица, Ново Село, Shtip, Municipality of Shtip, Eastern Region, 2000, North Macedonia"
478120726,41.7253393,22.1888771,Vineyard,Vineyard Surface,"Пато за Курт Бунар, Кежовица, Ново Село, Shtip, Municipality of Shtip, Eastern Region, 2000, North Macedonia"
478120727,41.724839,22.1889552,Vineyard,Vineyard Surface,"Пато за Курт Бунар, Кежовица, Ново Село, Shtip, Municipality of Shtip, Eastern Region, 2000, North Macedonia"
478120728,41.7250759,22.1904113,Winery,Lojzeto na Kacamako,"Пато за Курт Бунар, Кежовица, Ново Село, Shtip, Municipality of Shtip, Eastern Region, 2000, North Macedonia"
478120729,41.7253314,22.1901,Winery,Ljubotenski Vineyards,"Пато за Курт Бунар, Кежовица, Ново Село, Shtip, Municipality of Shtip, Eastern Region, 2000, North Macedonia"
478120730,41.7251531,22.1896685,Winery,Ljubotenski Vineyards,"Пато за Курт Бунар, Кежовица, Ново Село, Shtip, Municipality of Shtip, Eastern Region, 2000, North Macedonia"
478120731,41.7247,22.1898371,Winery,Na Branko Lojzeto,"Пато за Курт Бунар, Кежовица, Ново Село, Shtip, Municipality of Shtip, Eastern Region, 2000, North Macedonia"
478120732,41.7243081,22.1912239,Vineyard,Vineyard Surface,"Пато за Курт Бунар, Кежовица, Ново Село, Shtip, Municipality of Shtip, Eastern Region, 2000, North Macedonia"
478120733,41.7246254,22.1914571,Vineyard,Vineyard Surface,"Пато за Курт Бунар, Кежовица, Ново Село, Shtip, Municipality of Shtip, Eastern Region, 2000, North Macedonia"
478120734,41.7249461,22.1914811,Vineyard,Vineyard Surface,"Пато за Курт Бунар, Кежовица, Ново Село, Shtip, Municipality of Shtip, Eastern Region, 2000, North Macedonia"
478120735,41.7240388,22.1897957,Vineyard,Vineyard Surface,"Пато за Курт Бунар, Кежовица, Ново Село, Shtip, Municipality of Shtip, Eastern Region, 2000, North Macedonia"
478120736,41.7245158,22.1905169,Vineyard,Vineyard Surface,"Пато за Курт Бунар, Кежовица, Ново Село, Shtip, Municipality of Shtip, Eastern Region, 2000, North Macedonia"
478120737,41.7238112,22.1915685,Vineyard,Vineyard Surface,"Пато за Курт Бунар, Кежовица, Ново Село, Shtip, Municipality of Shtip, Eastern Region, 2000, North Macedonia"
478120738,41.7238536,22.1923404,Vineyard,Vineyard Surface,"Пато за Курт Бунар, Кежовица, Ново Село, Shtip, Municipality of Shtip, Eastern Region, 2000, North Macedonia"
478120739,41.72354,22.1928494,Vineyard,Vineyard Surface,"Клисебаир, Пато за Курт Бунар, Кежовица, Ново Село, Shtip, Municipality of Shtip, Eastern Region, 2000, North Macedonia"
478120740,41.723107,22.1932164,Vineyard,Vineyard Surface,"Клисебаир, Пато за Курт Бунар, Кежовица, Ново Село, Shtip, Municipality of Shtip, Eastern Region, 2000, North Macedonia"
478120741,41.7233266,22.1917892,Vineyard,Vineyard Surface,"Пато за Курт Бунар, Кежовица, Ново Село, Shtip, Municipality of Shtip, Eastern Region, 2000, North Macedonia"
478120742,41.7230098,22.1915332,Vineyard,Vineyard Surface,"Пато за Курт Бунар, Кежовица, Ново Село, Shtip, Municipality of Shtip, Eastern Region, 2000, North Macedonia"
478120743,41.7227513,22.1916924,Vineyard,Vineyard Surface,"Клисебаир, Пато за Курт Бунар, Кежовица, Ново Село, Shtip, Municipality of Shtip, Eastern Region, 2000, North Macedonia"
478120744,41.7223269,22.1918482,Vineyard,Vineyard Surface,"Клисебаир, Пато за Курт Бунар, Кежовица, Ново Село, Shtip, Municipality of Shtip, Eastern Region, 2000, North Macedonia"
478120745,41.7223412,22.1924529,Vineyard,Vineyard Surface,"Клисебаир, Пато за Курт Бунар, Кежовица, Ново Село, Shtip, Municipality of Shtip, Eastern Region, 2000, North Macedonia"
478120746,41.72315,22.1909914,Vineyard,Vineyard Surface,"Пато за Курт Бунар, Кежовица, Ново Село, Shtip, Municipality of Shtip, Eastern Region, 2000, North Macedonia"
478120747,41.7229589,22.1906202,Vineyard,Vineyard Surface,"Пато за Курт Бунар, Кежовица, Ново Село, Shtip, Municipality of Shtip, Eastern Region, 2000, North Macedonia"
478120748,41.7243548,22.1961112,Vineyard,Vineyard Surface,"Ново Село, Shtip, Municipality of Shtip, Eastern Region, 2000, North Macedonia"
478120749,41.7234416,22.1951689,Vineyard,Vineyard Surface,"Клисебаир, Пато за Курт Бунар, Кежовица, Ново Село, Shtip, Municipality of Shtip, Eastern Region, 2000, North Macedonia"
478120750,41.7231918,22.1965614,Vineyard,Vineyard Surface,"Клисебаир, Пато за Курт Бунар, Кежовица, Ново Село, Shtip, Municipality of Shtip, Eastern Region, 2000, North Macedonia"
478120751,41.7227715,22.1958709,Vineyard,Vineyard Surface,"Клисебаир, Пато за Курт Бунар, Кежовица, Ново Село, Shtip, Municipality of Shtip, Eastern Region, 2000, North Macedonia"
478120752,41.7230081,22.1945171,Vineyard,Vineyard Surface,"Клисебаир, Пато за Курт Бунар, Кежовица, Ново Село, Shtip, Municipality of Shtip, Eastern Region, 2000, North Macedonia"
478120753,41.7220625,22.1949851,Vineyard,Vineyard Surface,"Клисебаир, Пато за Курт Бунар, Кежовица, Ново Село, Shtip, Municipality of Shtip, Eastern Region, 2000, North Macedonia"
478120754,41.7225289,22.1966759,Vineyard,Vineyard Surface,"Клисебаир, Пато за Курт Бунар, Кежовица, Ново Село, Shtip, Municipality of Shtip, Eastern Region, 2000, North Macedonia"
478120755,41.722015,22.1966734,Vineyard,Vineyard Surface,"Клисебаир, Пато за Курт Бунар, Кежовица, Ново Село, Shtip, Municipality of Shtip, Eastern Region, 2000, North Macedonia"
478120756,41.7280678,22.2021617,Vineyard,Vineyard Surface,"Деснаци, Shtip, Municipality of Shtip, Eastern Region, 2000, North Macedonia"
478120757,41.727176,22.2013193,Vineyard,Vineyard Surface,"Shtip, Municipality of Shtip, Eastern Region, 2000, North Macedonia"
478120758,41.7271605,22.2023751,Vineyard,Vineyard Surface,"Деснаци, Shtip, Municipality of Shtip, Eastern Region, 2000, North Macedonia"
478120759,41.7264366,22.2024661,Vineyard,Vineyard Surface,"Деснаци, Shtip, Municipality of Shtip, Eastern Region, 2000, North Macedonia"
478120760,41.7255733,22.2027357,Vineyard,Vineyard Surface,"Деснаци, Shtip, Municipality of Shtip, Eastern Region, 2000, North Macedonia"
478121478,41.7194551,22.1995143,Vineyard,Vineyard Surface,"Ново Село, Shtip, Municipality of Shtip, Eastern Region, 2000, North Macedonia"
478121479,41.7200778,22.1989452,Vineyard,Vineyard Surface,"Клисебаир, Пато за Курт Бунар, Кежовица, Ново Село, Shtip, Municipality of Shtip, Eastern Region, 2000, North Macedonia"
478121481,41.7293365,22.1905752,Vineyard,Vineyard Surface,"Димо Хаџидимов, Кежовица, Ново Село, Shtip, Municipality of Shtip, Eastern Region, 2000, North Macedonia"
479233801,41.7494427,22.1725818,Vineyard,Vineyard Surface,"Железничка, Zheleznichka, Shtip, Municipality of Shtip, Eastern Region, 2000, North Macedonia"
479233802,41.7502372,22.172855,Vineyard,Vineyard Surface,"Железничка, Zheleznichka, Shtip, Municipality of Shtip, Eastern Region, 2000, North Macedonia"
490526896,42.0357999,21.3798426,Vineyard,Vineyard Surface,"Street 6B, Bardovci, Municipality of Karposh, City of Skopje, Skopje Region, 9100, North Macedonia"
490526897,42.0313971,21.3882338,Vineyard,Vineyard Surface,"1687, Чешмички Рид, Bardovci, Municipality of Karposh, City of Skopje, Skopje Region, 9100, North Macedonia"
490526898,42.031812,21.3917566,Vineyard,Vineyard Surface,"Улица 2, Bardovci, Municipality of Karposh, City of Skopje, Skopje Region, 1020, North Macedonia"
490526899,42.0334253,21.391142,Vineyard,Vineyard Surface,"ул. 1550, Bardovci, Municipality of Karposh, City of Skopje, Skopje Region, 1020, North Macedonia"
490718573,42.0217591,21.3981074,Vineyard,Vineyard Surface,"Skupi, Zlokukjani, Karposh, Skopje, Municipality of Karposh, City of Skopje, Skopje Region, 1020, North Macedonia"
504774734,41.4980393,20.4683397,Vineyard,Vineyard Surface,"Librazhd-Cerenec, Gjoricë, Bashkia Bulqizë, Dibër County, Northern Albania, 8407, Albania"
678891849,41.7201271,22.2041198,Vineyard,Vineyard Surface,"Ново Село, Shtip, Municipality of Shtip, Eastern Region, 2000, North Macedonia"
678891850,41.7200134,22.2036472,Vineyard,Vineyard Surface,"Ново Село, Shtip, Municipality of Shtip, Eastern Region, 2000, North Macedonia"
678897465,41.7129615,22.2040922,Vineyard,Vineyard Surface,"Ново Село, Shtip, Municipality of Shtip, Eastern Region, 2000, North Macedonia"
678897466,41.7133867,22.2039925,Vineyard,Vineyard Surface,"Ново Село, Shtip, Municipality of Shtip, Eastern Region, 2000, North Macedonia"
840686771,41.8886978,21.9367395,Vineyard,Vineyard Surface,"R1204, Kuchkarevo, Sveti Nikole, Municipality of Sveti Nikole, Vardar Region, 2220, North Macedonia"
840686786,41.8742101,21.9154791,Vineyard,Vineyard Surface,"LION, R2135, Gorobinci, Municipality of Sveti Nikole, Vardar Region, 2220, North Macedonia"
840686787,41.8744773,21.9139077,Vineyard,Vineyard Surface,"R2135, Gorobinci, Municipality of Sveti Nikole, Vardar Region, 2220, North Macedonia"
840686788,41.8740728,21.9128334,Vineyard,Vineyard Surface,"R2135, Gorobinci, Municipality of Sveti Nikole, Vardar Region, 2220, North Macedonia"
840686797,41.8706521,21.9287123,Vineyard,Vineyard Surface,"R2135, Sveti Nikole, Municipality of Sveti Nikole, Vardar Region, 2220, North Macedonia"
840901776,41.8822875,21.8865229,Vineyard,Vineyard Surface,"R2135, Gorobinci, Municipality of Sveti Nikole, Vardar Region, 2220, North Macedonia"
840932356,41.878773,21.8870522,Vineyard,Vineyard Surface,"R2135, Gorobinci, Municipality of Sveti Nikole, Vardar Region, 2220, North Macedonia"
840932357,41.8775149,21.8874096,Vineyard,Vineyard Surface,"R2135, Gorobinci, Municipality of Sveti Nikole, Vardar Region, 2220, North Macedonia"
840932358,41.8778146,21.8891955,Vineyard,Vineyard Surface,"R2135, Gorobinci, Municipality of Sveti Nikole, Vardar Region, 2220, North Macedonia"
840932359,41.880166,21.892238,Vineyard,Vineyard Surface,"R2135, Gorobinci, Municipality of Sveti Nikole, Vardar Region, 2220, North Macedonia"
840932360,41.8771751,21.8910569,Vineyard,Vineyard Surface,"R2135, Gorobinci, Municipality of Sveti Nikole, Vardar Region, 2220, North Macedonia"
840932361,41.8767744,21.8921637,Vineyard,Vineyard Surface,"R2135, Gorobinci, Municipality of Sveti Nikole, Vardar Region, 2220, North Macedonia"
840932362,41.876654,21.8930958,Vineyard,Vineyard Surface,"R2135, Gorobinci, Municipality of Sveti Nikole, Vardar Region, 2220, North Macedonia"
840932364,41.8767832,21.8947082,Vineyard,Vineyard Surface,"R2135, Gorobinci, Municipality of Sveti Nikole, Vardar Region, 2220, North Macedonia"
840932366,41.8780827,21.894809,Vineyard,Vineyard Surface,"R2135, Gorobinci, Municipality of Sveti Nikole, Vardar Region, 2220, North Macedonia"
840932367,41.8773968,21.8972721,Vineyard,Vineyard Surface,"R2135, Gorobinci, Municipality of Sveti Nikole, Vardar Region, 2220, North Macedonia"
840932368,41.8768258,21.8985009,Vineyard,Vineyard Surface,"R2135, Gorobinci, Municipality of Sveti Nikole, Vardar Region, 2220, North Macedonia"
840932369,41.8771263,21.8992612,Vineyard,Vineyard Surface,"R2135, Gorobinci, Municipality of Sveti Nikole, Vardar Region, 2220, North Macedonia"
840932370,41.8775991,21.9004112,Vineyard,Vineyard Surface,"R2135, Gorobinci, Municipality of Sveti Nikole, Vardar Region, 2220, North Macedonia"
840932371,41.8775955,21.9009891,Vineyard,Vineyard Surface,"R2135, Gorobinci, Municipality of Sveti Nikole, Vardar Region, 2220, North Macedonia"
840932372,41.877567,21.9012844,Vineyard,Vineyard Surface,"R2135, Gorobinci, Municipality of Sveti Nikole, Vardar Region, 2220, North Macedonia"
840932373,41.8775367,21.9015342,Vineyard,Vineyard Surface,"R2135, Gorobinci, Municipality of Sveti Nikole, Vardar Region, 2220, North Macedonia"
840932374,41.8771543,21.903,Vineyard,Vineyard Surface,"R2135, Gorobinci, Municipality of Sveti Nikole, Vardar Region, 2220, North Macedonia"
840932377,41.8781355,21.904625,Vineyard,Vineyard Surface,"R2135, Gorobinci, Municipality of Sveti Nikole, Vardar Region, 2220, North Macedonia"
840932379,41.8774322,21.905923,Vineyard,Vineyard Surface,"R2135, Gorobinci, Municipality of Sveti Nikole, Vardar Region, 2220, North Macedonia"
840932380,41.8783226,21.9067377,Vineyard,Vineyard Surface,"R2135, Gorobinci, Municipality of Sveti Nikole, Vardar Region, 2220, North Macedonia"
840932381,41.876958,21.909216,Vineyard,Vineyard Surface,"R2135, Gorobinci, Municipality of Sveti Nikole, Vardar Region, 2220, North Macedonia"
840932382,41.8766955,21.9125339,Vineyard,Vineyard Surface,"R2135, Gorobinci, Municipality of Sveti Nikole, Vardar Region, 2220, North Macedonia"
840932383,41.8761241,21.9123823,Vineyard,Vineyard Surface,"R2135, Gorobinci, Municipality of Sveti Nikole, Vardar Region, 2220, North Macedonia"
840932384,41.8753592,21.9128109,Vineyard,Vineyard Surface,"R2135, Gorobinci, Municipality of Sveti Nikole, Vardar Region, 2220, North Macedonia"
840932388,41.8736308,21.9186745,Vineyard,Vineyard Surface,"R2135, Sveti Nikole, Municipality of Sveti Nikole, Vardar Region, 2220, North Macedonia"
840947804,41.8725681,21.910148,Vineyard,Vineyard Surface,"R2135, Gorobinci, Municipality of Sveti Nikole, Vardar Region, 2220, North Macedonia"
840947805,41.8723521,21.9107094,Vineyard,Vineyard Surface,"R2135, Gorobinci, Municipality of Sveti Nikole, Vardar Region, 2220, North Macedonia"
840947806,41.8719987,21.9115597,Vineyard,Vineyard Surface,"R2135, Gorobinci, Municipality of Sveti Nikole, Vardar Region, 2220, North Macedonia"
840947815,41.8757789,21.9163248,Vineyard,Vineyard Surface,"LION, R2135, Gorobinci, Municipality of Sveti Nikole, Vardar Region, 2220, North Macedonia"
840947816,41.8751149,21.9169316,Vineyard,Vineyard Surface,"LION, R2135, Gorobinci, Municipality of Sveti Nikole, Vardar Region, 2220, North Macedonia"
841053798,41.8731809,21.9258431,Vineyard,Vineyard Surface,"R2135, Sveti Nikole, Municipality of Sveti Nikole, Vardar Region, 2220, North Macedonia"
841053806,41.8837117,21.9329093,Vineyard,Vineyard Surface,"Highway Goce Delchev, Поглед, Sveti Nikole, Municipality of Sveti Nikole, Vardar Region, 2220, North Macedonia"
841053818,41.8927676,21.915679,Vineyard,Vineyard Surface,"Sopot, Municipality of Sveti Nikole, Vardar Region, North Macedonia"
841053830,41.8851375,21.9116839,Vineyard,Vineyard Surface,"Gorobinci, Municipality of Sveti Nikole, Vardar Region, North Macedonia"
841053835,41.8832004,21.9132414,Vineyard,Vineyard Surface,"Gorobinci, Municipality of Sveti Nikole, Vardar Region, North Macedonia"
841053836,41.8818102,21.914666,Vineyard,Vineyard Surface,"Gorobinci, Municipality of Sveti Nikole, Vardar Region, North Macedonia"
841314185,41.897517,21.9214092,Vineyard,Vineyard Surface,"Highway Goce Delchev, Поглед, Sopot, Municipality of Sveti Nikole, Vardar Region, 2220, North Macedonia"
841330582,41.8349967,21.9980039,Vineyard,Vineyard Surface,"Highway Goce Delchev, Amzabegovo, Municipality of Sveti Nikole, Vardar Region, North Macedonia"
842015897,41.8801706,21.9128862,Vineyard,Vineyard Surface,"R2135, Gorobinci, Municipality of Sveti Nikole, Vardar Region, 2220, North Macedonia"
866130944,41.2382286,22.6925539,Vineyard,Vineyard Surface,"R1105, Nov Dojran, Municipality of Dojran, Southeastern Region, North Macedonia"
866474553,41.3072365,22.5998416,Vineyard,Vineyard Surface,"Rabrovo, Municipality of Valandovo, Southeastern Region, North Macedonia"
917545269,41.5180029,22.0267377,Vineyard,Vineyard Surface,"Kurija, Municipality of Negotino, Vardar Region, 1440, North Macedonia"
917545270,41.519718,22.025945,Vineyard,Vineyard Surface,"Kurija, Municipality of Negotino, Vardar Region, 1440, North Macedonia"
917545271,41.5139791,22.0300448,Vineyard,Vineyard Surface,"Kurija, Municipality of Negotino, Vardar Region, 1440, North Macedonia"
917545272,41.5135765,22.0317225,Vineyard,Vineyard Surface,"Kurija, Municipality of Negotino, Vardar Region, 1440, North Macedonia"
917545276,41.521195,22.025237,Vineyard,Vineyard Surface,"Kurija, Municipality of Negotino, Vardar Region, 1440, North Macedonia"
917545277,41.521915,22.0228203,Vineyard,Vineyard Surface,"Kurija, Municipality of Negotino, Vardar Region, 1440, North Macedonia"
917545278,41.523889,22.0186012,Vineyard,Vineyard Surface,"Kurija, Municipality of Negotino, Vardar Region, 1440, North Macedonia"
917545279,41.5235627,22.0200804,Vineyard,Vineyard Surface,"Kurija, Municipality of Negotino, Vardar Region, 1440, North Macedonia"
917545280,41.5122895,22.0347762,Vineyard,Vineyard Surface,"Sopot, Municipality of Kavadarci, Vardar Region, 1440, North Macedonia"
1041564196,41.8834874,21.584486,Vineyard,Vineyard Surface,"R117, Zelenikovo, Municipality of Zelenikovo, Skopje Region, 1053, North Macedonia"
1041564197,41.8839078,21.5846681,Vineyard,Vineyard Surface,"Zelenikovo, Municipality of Zelenikovo, Skopje Region, 1053, North Macedonia"
1041564198,41.8831216,21.5846253,Vineyard,Vineyard Surface,"Zelenikovo, Municipality of Zelenikovo, Skopje Region, 1053, North Macedonia"
1041564199,41.882124,21.5854184,Vineyard,Vineyard Surface,"Zelenikovo, Municipality of Zelenikovo, Skopje Region, 1053, North Macedonia"
1041564204,41.8820866,21.5842723,Vineyard,Vineyard Surface,"Zelenikovo, Municipality of Zelenikovo, Skopje Region, 1053, North Macedonia"
1041564205,41.8846647,21.5848705,Vineyard,Vineyard Surface,"Zelenikovo, Municipality of Zelenikovo, Skopje Region, 1053, North Macedonia"
1042040323,41.8838523,21.5844287,Vineyard,Vineyard Surface,"Zelenikovo, Municipality of Zelenikovo, Skopje Region, 1053, North Macedonia"
1117639514,41.2308228,22.6931392,Vineyard,Vineyard Surface,"R1105, Nov Dojran, Municipality of Dojran, Southeastern Region, 1487, North Macedonia"
1137070037,41.5653101,21.952125,Vineyard,Vineyard Surface,"A1, Старо Градско, Gradsko, Municipality of Gradsko, Vardar Region, 1422, North Macedonia"
1137070038,41.5651111,21.9504803,Vineyard,Vineyard Surface,"A1, Старо Градско, Gradsko, Municipality of Gradsko, Vardar Region, 1422, North Macedonia"
1137070039,41.5649871,21.9486362,Vineyard,Vineyard Surface,"A1, Старо Градско, Gradsko, Municipality of Gradsko, Vardar Region, 1422, North Macedonia"
1137070041,41.5660888,21.9459286,Vineyard,Vineyard Surface,"A1, Старо Градско, Gradsko, Municipality of Gradsko, Vardar Region, 1422, North Macedonia"
1137070042,41.5678604,21.9442435,Vineyard,Vineyard Surface,"A1, Старо Градско, Gradsko, Municipality of Gradsko, Vardar Region, 1422, North Macedonia"
1137070043,41.5698026,21.9427224,Vineyard,Vineyard Surface,"A1, Старо Градско, Gradsko, Municipality of Gradsko, Vardar Region, 1422, North Macedonia"
1137070044,41.5704732,21.9443602,Vineyard,Vineyard Surface,"A1, Старо Градско, Gradsko, Municipality of Gradsko, Vardar Region, 1422, North Macedonia"
1137070045,41.5710859,21.9458304,Vineyard,Vineyard Surface,"Гоце Делчев, Gradsko, Старо Градско, Gradsko, Municipality of Gradsko, Vardar Region, North Macedonia"
1137070046,41.5717125,21.9472794,Vineyard,Vineyard Surface,"Илија Ѓошев, Gradsko, Старо Градско, Gradsko, Municipality of Gradsko, Vardar Region, North Macedonia"
1137070047,41.5723287,21.9486229,Vineyard,Vineyard Surface,"Илија Ѓошев, Gradsko, Старо Градско, Gradsko, Municipality of Gradsko, Vardar Region, North Macedonia"
1137070048,41.5702756,21.9502431,Vineyard,Vineyard Surface,"Даме Груев, Gradsko, Старо Градско, Gradsko, Municipality of Gradsko, Vardar Region, North Macedonia"
1137070049,41.5684643,21.9515895,Vineyard,Vineyard Surface,"Даме Груев, Gradsko, Старо Градско, Gradsko, Municipality of Gradsko, Vardar Region, North Macedonia"
1137070050,41.5676647,21.9502738,Vineyard,Vineyard Surface,"Даме Груев, Gradsko, Старо Градско, Gradsko, Municipality of Gradsko, Vardar Region, North Macedonia"
1137070051,41.5670458,21.9488232,Vineyard,Vineyard Surface,"A1, Старо Градско, Gradsko, Municipality of Gradsko, Vardar Region, 1422, North Macedonia"
1137070052,41.5664337,21.9473508,Vineyard,Vineyard Surface,"A1, Старо Градско, Gradsko, Municipality of Gradsko, Vardar Region, 1422, North Macedonia"
1137070053,41.568449,21.9458522,Vineyard,Vineyard Surface,"A1, Старо Градско, Gradsko, Municipality of Gradsko, Vardar Region, 1422, North Macedonia"
1137070054,41.5690706,21.947325,Vineyard,Vineyard Surface,"A1, Старо Градско, Gradsko, Municipality of Gradsko, Vardar Region, 1422, North Macedonia"
1137070055,41.569685,21.9487704,Vineyard,Vineyard Surface,"Даме Груев, Gradsko, Старо Градско, Gradsko, Municipality of Gradsko, Vardar Region, North Macedonia"
6405232,41.1313514,22.5336528,Vineyard,Vineyard Surface,"Gevgelija, Municipality of Gevgelija, Southeastern Region, 1480, North Macedonia"
12449628,41.512096,22.0290832,Vineyard,Vineyard Surface,"Sopot, Municipality of Kavadarci, Vardar Region, North Macedonia"
